{
  "geostrophic_wind": {
    "mean": 22.640642813727126,
    "std": 16.32852538455302
  },
  "planetary_vorticity": {
    "mean": 8.806446880559283e-14,
    "std": 8.909290022216283e-11
  },
  "qgpv": {
    "mean": 0.0012017493598861836,
    "std": 8.311894495459079e-05
  }
}