{
  "geostrophic_wind": {
    "mean": -12.457459116485236,
    "std": 34.36776557581904
  },
  "planetary_vorticity": {
    "mean": -2.4471911872165655e-06,
    "std": 1.9605973650400863e-05
  },
  "qgpv": {
    "mean": 0.001195544637115308,
    "std": 19.833774062832166
  }
}