{
  "geostrophic_wind": {
    "mean": 19.890881041630397,
    "std": 12.84465895190605
  },
  "planetary_vorticity": {
    "mean": -4.848370269946745e-12,
    "std": 3.450180093230313e-09
  }
}