{
  "geostrophic_wind": {
    "mean": 22.640642842062853,
    "std": 16.328525341561473
  },
  "planetary_vorticity": {
    "mean": 8.806446708751325e-14,
    "std": 8.909290021093968e-11
  },
  "qgpv": {
    "mean": 0.0012017493598861836,
    "std": 8.311894495459079e-05
  }
}