{
  "geostrophic_wind": {
    "mean": 22.64389674958052,
    "std": 16.329126693306968
  },
  "planetary_vorticity": {
    "mean": 4.2598666975885937e-13,
    "std": 2.808129907681712e-13
  },
  "qgpv": {
    "mean": 0.0012017281039217332,
    "std": 8.329247569478287e-05
  }
}