{
  "geostrophic_wind": {
    "mean": 22.64060084284809,
    "std": 16.328470844145965
  },
  "planetary_vorticity": {
    "mean": 4.2605727372104796e-13,
    "std": 2.656636427332881e-13
  },
  "qgpv": {
    "mean": 0.0012017643898933046,
    "std": 8.332144243594362e-05
  }
}